FILE_OUTPUT,FILE_TMP,URL0
{dep}_53000_INEEXTINT,{dep}_53000_INEEXTINT_115:5,https://servicios.ine.es/wstempus/js/ES/DATOS_TABLA/53000?nult={dep}&tv=115:5
{dep}_53000_INEEXTINT,{dep}_53000_INEEXTINT_115:12,https://servicios.ine.es/wstempus/js/ES/DATOS_TABLA/53000?nult={dep}&tv=115:12
{dep}_53000_INEEXTINT,{dep}_53000_INEEXTINT_115:15,https://servicios.ine.es/wstempus/js/ES/DATOS_TABLA/53000?nult={dep}&tv=115:15
{dep}_53000_INEEXTINT,{dep}_53000_INEEXTINT_115:19,https://servicios.ine.es/wstempus/js/ES/DATOS_TABLA/53000?nult={dep}&tv=115:19
{dep}_53000_INEEXTINT,{dep}_53000_INEEXTINT_115:22,https://servicios.ine.es/wstempus/js/ES/DATOS_TABLA/53000?nult={dep}&tv=115:22
{dep}_53000_INEEXTINT,{dep}_53000_INEEXTINT_115:24,https://servicios.ine.es/wstempus/js/ES/DATOS_TABLA/53000?nult={dep}&tv=115:24
{dep}_53000_INEEXTINT,{dep}_53000_INEEXTINT_115:30,https://servicios.ine.es/wstempus/js/ES/DATOS_TABLA/53000?nult={dep}&tv=115:30
{dep}_53000_INEEXTINT,{dep}_53000_INEEXTINT_115:41,https://servicios.ine.es/wstempus/js/ES/DATOS_TABLA/53000?nult={dep}&tv=115:41
{dep}_53000_INEEXTINT,{dep}_53000_INEEXTINT_115:23,https://servicios.ine.es/wstempus/js/ES/DATOS_TABLA/53000?nult={dep}&tv=115:23
{dep}_53000_INEEXTINT,{dep}_53000_INEEXTINT_115:44,https://servicios.ine.es/wstempus/js/ES/DATOS_TABLA/53000?nult={dep}&tv=115:44
{dep}_53000_INEEXTINT,{dep}_53000_INEEXTINT_115:50,https://servicios.ine.es/wstempus/js/ES/DATOS_TABLA/53000?nult={dep}&tv=115:50
{dep}_53000_INEEXTINT,{dep}_53000_INEEXTINT_115:33,https://servicios.ine.es/wstempus/js/ES/DATOS_TABLA/53000?nult={dep}&tv=115:33
{dep}_53000_INEEXTINT,{dep}_53000_INEEXTINT_115:8,https://servicios.ine.es/wstempus/js/ES/DATOS_TABLA/53000?nult={dep}&tv=115:8
{dep}_53000_INEEXTINT,{dep}_53000_INEEXTINT_115:35,https://servicios.ine.es/wstempus/js/ES/DATOS_TABLA/53000?nult={dep}&tv=115:35
{dep}_53000_INEEXTINT,{dep}_53000_INEEXTINT_115:38,https://servicios.ine.es/wstempus/js/ES/DATOS_TABLA/53000?nult={dep}&tv=115:38
{dep}_53000_INEEXTINT,{dep}_53000_INEEXTINT_115:39,https://servicios.ine.es/wstempus/js/ES/DATOS_TABLA/53000?nult={dep}&tv=115:39
{dep}_53000_INEEXTINT,{dep}_53000_INEEXTINT_115:6,https://servicios.ine.es/wstempus/js/ES/DATOS_TABLA/53000?nult={dep}&tv=115:6
{dep}_53000_INEEXTINT,{dep}_53000_INEEXTINT_115:10,https://servicios.ine.es/wstempus/js/ES/DATOS_TABLA/53000?nult={dep}&tv=115:10
{dep}_53000_INEEXTINT,{dep}_53000_INEEXTINT_115:25,https://servicios.ine.es/wstempus/js/ES/DATOS_TABLA/53000?nult={dep}&tv=115:25
{dep}_53000_INEEXTINT,{dep}_53000_INEEXTINT_115:34,https://servicios.ine.es/wstempus/js/ES/DATOS_TABLA/53000?nult={dep}&tv=115:34
{dep}_53000_INEEXTINT,{dep}_53000_INEEXTINT_115:37,https://servicios.ine.es/wstempus/js/ES/DATOS_TABLA/53000?nult={dep}&tv=115:37
{dep}_53000_INEEXTINT,{dep}_53000_INEEXTINT_115:40,https://servicios.ine.es/wstempus/js/ES/DATOS_TABLA/53000?nult={dep}&tv=115:40
{dep}_53000_INEEXTINT,{dep}_53000_INEEXTINT_115:42,https://servicios.ine.es/wstempus/js/ES/DATOS_TABLA/53000?nult={dep}&tv=115:42
{dep}_53000_INEEXTINT,{dep}_53000_INEEXTINT_115:47,https://servicios.ine.es/wstempus/js/ES/DATOS_TABLA/53000?nult={dep}&tv=115:47
{dep}_53000_INEEXTINT,{dep}_53000_INEEXTINT_115:49,https://servicios.ine.es/wstempus/js/ES/DATOS_TABLA/53000?nult={dep}&tv=115:49
{dep}_53000_INEEXTINT,{dep}_53000_INEEXTINT_115:3,https://servicios.ine.es/wstempus/js/ES/DATOS_TABLA/53000?nult={dep}&tv=115:3
{dep}_53000_INEEXTINT,{dep}_53000_INEEXTINT_115:14,https://servicios.ine.es/wstempus/js/ES/DATOS_TABLA/53000?nult={dep}&tv=115:14
{dep}_53000_INEEXTINT,{dep}_53000_INEEXTINT_115:17,https://servicios.ine.es/wstempus/js/ES/DATOS_TABLA/53000?nult={dep}&tv=115:17
{dep}_53000_INEEXTINT,{dep}_53000_INEEXTINT_115:20,https://servicios.ine.es/wstempus/js/ES/DATOS_TABLA/53000?nult={dep}&tv=115:20
{dep}_53000_INEEXTINT,{dep}_53000_INEEXTINT_115:45,https://servicios.ine.es/wstempus/js/ES/DATOS_TABLA/53000?nult={dep}&tv=115:45
{dep}_53000_INEEXTINT,{dep}_53000_INEEXTINT_115:9,https://servicios.ine.es/wstempus/js/ES/DATOS_TABLA/53000?nult={dep}&tv=115:9
{dep}_53000_INEEXTINT,{dep}_53000_INEEXTINT_115:18,https://servicios.ine.es/wstempus/js/ES/DATOS_TABLA/53000?nult={dep}&tv=115:18
{dep}_53000_INEEXTINT,{dep}_53000_INEEXTINT_115:26,https://servicios.ine.es/wstempus/js/ES/DATOS_TABLA/53000?nult={dep}&tv=115:26
{dep}_53000_INEEXTINT,{dep}_53000_INEEXTINT_115:43,https://servicios.ine.es/wstempus/js/ES/DATOS_TABLA/53000?nult={dep}&tv=115:43
{dep}_53000_INEEXTINT,{dep}_53000_INEEXTINT_115:4,https://servicios.ine.es/wstempus/js/ES/DATOS_TABLA/53000?nult={dep}&tv=115:4
{dep}_53000_INEEXTINT,{dep}_53000_INEEXTINT_115:13,https://servicios.ine.es/wstempus/js/ES/DATOS_TABLA/53000?nult={dep}&tv=115:13
{dep}_53000_INEEXTINT,{dep}_53000_INEEXTINT_115:46,https://servicios.ine.es/wstempus/js/ES/DATOS_TABLA/53000?nult={dep}&tv=115:46
{dep}_53000_INEEXTINT,{dep}_53000_INEEXTINT_115:7,https://servicios.ine.es/wstempus/js/ES/DATOS_TABLA/53000?nult={dep}&tv=115:7
{dep}_53000_INEEXTINT,{dep}_53000_INEEXTINT_115:11,https://servicios.ine.es/wstempus/js/ES/DATOS_TABLA/53000?nult={dep}&tv=115:11
{dep}_53000_INEEXTINT,{dep}_53000_INEEXTINT_115:16,https://servicios.ine.es/wstempus/js/ES/DATOS_TABLA/53000?nult={dep}&tv=115:16
{dep}_53000_INEEXTINT,{dep}_53000_INEEXTINT_115:28,https://servicios.ine.es/wstempus/js/ES/DATOS_TABLA/53000?nult={dep}&tv=115:28
{dep}_53000_INEEXTINT,{dep}_53000_INEEXTINT_115:53,https://servicios.ine.es/wstempus/js/ES/DATOS_TABLA/53000?nult={dep}&tv=115:53
{dep}_53000_INEEXTINT,{dep}_53000_INEEXTINT_115:36,https://servicios.ine.es/wstempus/js/ES/DATOS_TABLA/53000?nult={dep}&tv=115:36
{dep}_53000_INEEXTINT,{dep}_53000_INEEXTINT_115:29,https://servicios.ine.es/wstempus/js/ES/DATOS_TABLA/53000?nult={dep}&tv=115:29
{dep}_53000_INEEXTINT,{dep}_53000_INEEXTINT_115:31,https://servicios.ine.es/wstempus/js/ES/DATOS_TABLA/53000?nult={dep}&tv=115:31
{dep}_53000_INEEXTINT,{dep}_53000_INEEXTINT_115:32,https://servicios.ine.es/wstempus/js/ES/DATOS_TABLA/53000?nult={dep}&tv=115:32
{dep}_53000_INEEXTINT,{dep}_53000_INEEXTINT_115:2,https://servicios.ine.es/wstempus/js/ES/DATOS_TABLA/53000?nult={dep}&tv=115:2
{dep}_53000_INEEXTINT,{dep}_53000_INEEXTINT_115:48,https://servicios.ine.es/wstempus/js/ES/DATOS_TABLA/53000?nult={dep}&tv=115:48
{dep}_53000_INEEXTINT,{dep}_53000_INEEXTINT_115:21,https://servicios.ine.es/wstempus/js/ES/DATOS_TABLA/53000?nult={dep}&tv=115:21
{dep}_53000_INEEXTINT,{dep}_53000_INEEXTINT_115:27,https://servicios.ine.es/wstempus/js/ES/DATOS_TABLA/53000?nult={dep}&tv=115:27
{dep}_53000_INEEXTINT,{dep}_53000_INEEXTINT_115:51,https://servicios.ine.es/wstempus/js/ES/DATOS_TABLA/53000?nult={dep}&tv=115:51
{dep}_53000_INEEXTINT,{dep}_53000_INEEXTINT_115:52,https://servicios.ine.es/wstempus/js/ES/DATOS_TABLA/53000?nult={dep}&tv=115:52
{dep}_53001_INEEXTINT,{dep}_53001_INEEXTINT_96:6,https://servicios.ine.es/wstempus/js/ES/DATOS_TABLA/53001?nult={dep}&tv=96:6
{dep}_53001_INEEXTINT,{dep}_53001_INEEXTINT_96:3,https://servicios.ine.es/wstempus/js/ES/DATOS_TABLA/53001?nult={dep}&tv=96:3
{dep}_53001_INEEXTINT,{dep}_53001_INEEXTINT_96:4,https://servicios.ine.es/wstempus/js/ES/DATOS_TABLA/53001?nult={dep}&tv=96:4
{dep}_53001_INEEXTINT,{dep}_53001_INEEXTINT_96:5,https://servicios.ine.es/wstempus/js/ES/DATOS_TABLA/53001?nult={dep}&tv=96:5
{dep}_53001_INEEXTINT,{dep}_53001_INEEXTINT_96:2,https://servicios.ine.es/wstempus/js/ES/DATOS_TABLA/53001?nult={dep}&tv=96:2
{dep}_53001_INEEXTINT,{dep}_53001_INEEXTINT_96:33,https://servicios.ine.es/wstempus/js/ES/DATOS_TABLA/53001?nult={dep}&tv=96:33
{dep}_53001_INEEXTINT,{dep}_53001_INEEXTINT_96:7,https://servicios.ine.es/wstempus/js/ES/DATOS_TABLA/53001?nult={dep}&tv=96:7
{dep}_53001_INEEXTINT,{dep}_53001_INEEXTINT_96:9,https://servicios.ine.es/wstempus/js/ES/DATOS_TABLA/53001?nult={dep}&tv=96:9
{dep}_53001_INEEXTINT,{dep}_53001_INEEXTINT_96:48,https://servicios.ine.es/wstempus/js/ES/DATOS_TABLA/53001?nult={dep}&tv=96:48
{dep}_53001_INEEXTINT,{dep}_53001_INEEXTINT_96:10,https://servicios.ine.es/wstempus/js/ES/DATOS_TABLA/53001?nult={dep}&tv=96:10
{dep}_53001_INEEXTINT,{dep}_53001_INEEXTINT_96:11,https://servicios.ine.es/wstempus/js/ES/DATOS_TABLA/53001?nult={dep}&tv=96:11
{dep}_53001_INEEXTINT,{dep}_53001_INEEXTINT_96:12,https://servicios.ine.es/wstempus/js/ES/DATOS_TABLA/53001?nult={dep}&tv=96:12
{dep}_53001_INEEXTINT,{dep}_53001_INEEXTINT_96:15,https://servicios.ine.es/wstempus/js/ES/DATOS_TABLA/53001?nult={dep}&tv=96:15
{dep}_53001_INEEXTINT,{dep}_53001_INEEXTINT_96:39,https://servicios.ine.es/wstempus/js/ES/DATOS_TABLA/53001?nult={dep}&tv=96:39
{dep}_53001_INEEXTINT,{dep}_53001_INEEXTINT_96:13,https://servicios.ine.es/wstempus/js/ES/DATOS_TABLA/53001?nult={dep}&tv=96:13
{dep}_53001_INEEXTINT,{dep}_53001_INEEXTINT_96:51,https://servicios.ine.es/wstempus/js/ES/DATOS_TABLA/53001?nult={dep}&tv=96:51
{dep}_53001_INEEXTINT,{dep}_53001_INEEXTINT_96:14,https://servicios.ine.es/wstempus/js/ES/DATOS_TABLA/53001?nult={dep}&tv=96:14
{dep}_53001_INEEXTINT,{dep}_53001_INEEXTINT_96:16,https://servicios.ine.es/wstempus/js/ES/DATOS_TABLA/53001?nult={dep}&tv=96:16
{dep}_53001_INEEXTINT,{dep}_53001_INEEXTINT_96:17,https://servicios.ine.es/wstempus/js/ES/DATOS_TABLA/53001?nult={dep}&tv=96:17
{dep}_53001_INEEXTINT,{dep}_53001_INEEXTINT_96:21,https://servicios.ine.es/wstempus/js/ES/DATOS_TABLA/53001?nult={dep}&tv=96:21
{dep}_53001_INEEXTINT,{dep}_53001_INEEXTINT_96:18,https://servicios.ine.es/wstempus/js/ES/DATOS_TABLA/53001?nult={dep}&tv=96:18
{dep}_53001_INEEXTINT,{dep}_53001_INEEXTINT_96:19,https://servicios.ine.es/wstempus/js/ES/DATOS_TABLA/53001?nult={dep}&tv=96:19
{dep}_53001_INEEXTINT,{dep}_53001_INEEXTINT_96:20,https://servicios.ine.es/wstempus/js/ES/DATOS_TABLA/53001?nult={dep}&tv=96:20
{dep}_53001_INEEXTINT,{dep}_53001_INEEXTINT_96:22,https://servicios.ine.es/wstempus/js/ES/DATOS_TABLA/53001?nult={dep}&tv=96:22
{dep}_53001_INEEXTINT,{dep}_53001_INEEXTINT_96:23,https://servicios.ine.es/wstempus/js/ES/DATOS_TABLA/53001?nult={dep}&tv=96:23
{dep}_53001_INEEXTINT,{dep}_53001_INEEXTINT_96:24,https://servicios.ine.es/wstempus/js/ES/DATOS_TABLA/53001?nult={dep}&tv=96:24
{dep}_53001_INEEXTINT,{dep}_53001_INEEXTINT_96:25,https://servicios.ine.es/wstempus/js/ES/DATOS_TABLA/53001?nult={dep}&tv=96:25
{dep}_53001_INEEXTINT,{dep}_53001_INEEXTINT_96:26,https://servicios.ine.es/wstempus/js/ES/DATOS_TABLA/53001?nult={dep}&tv=96:26
{dep}_53001_INEEXTINT,{dep}_53001_INEEXTINT_96:28,https://servicios.ine.es/wstempus/js/ES/DATOS_TABLA/53001?nult={dep}&tv=96:28
{dep}_53001_INEEXTINT,{dep}_53001_INEEXTINT_96:30,https://servicios.ine.es/wstempus/js/ES/DATOS_TABLA/53001?nult={dep}&tv=96:30
{dep}_53001_INEEXTINT,{dep}_53001_INEEXTINT_96:29,https://servicios.ine.es/wstempus/js/ES/DATOS_TABLA/53001?nult={dep}&tv=96:29
{dep}_53001_INEEXTINT,{dep}_53001_INEEXTINT_96:52,https://servicios.ine.es/wstempus/js/ES/DATOS_TABLA/53001?nult={dep}&tv=96:52
{dep}_53001_INEEXTINT,{dep}_53001_INEEXTINT_96:31,https://servicios.ine.es/wstempus/js/ES/DATOS_TABLA/53001?nult={dep}&tv=96:31
{dep}_53001_INEEXTINT,{dep}_53001_INEEXTINT_96:32,https://servicios.ine.es/wstempus/js/ES/DATOS_TABLA/53001?nult={dep}&tv=96:32
{dep}_53001_INEEXTINT,{dep}_53001_INEEXTINT_96:53,https://servicios.ine.es/wstempus/js/ES/DATOS_TABLA/53001?nult={dep}&tv=96:53
{dep}_53001_INEEXTINT,{dep}_53001_INEEXTINT_96:34,https://servicios.ine.es/wstempus/js/ES/DATOS_TABLA/53001?nult={dep}&tv=96:34
{dep}_53001_INEEXTINT,{dep}_53001_INEEXTINT_96:36,https://servicios.ine.es/wstempus/js/ES/DATOS_TABLA/53001?nult={dep}&tv=96:36
{dep}_53001_INEEXTINT,{dep}_53001_INEEXTINT_96:27,https://servicios.ine.es/wstempus/js/ES/DATOS_TABLA/53001?nult={dep}&tv=96:27
{dep}_53001_INEEXTINT,{dep}_53001_INEEXTINT_96:37,https://servicios.ine.es/wstempus/js/ES/DATOS_TABLA/53001?nult={dep}&tv=96:37
{dep}_53001_INEEXTINT,{dep}_53001_INEEXTINT_96:40,https://servicios.ine.es/wstempus/js/ES/DATOS_TABLA/53001?nult={dep}&tv=96:40
{dep}_53001_INEEXTINT,{dep}_53001_INEEXTINT_96:41,https://servicios.ine.es/wstempus/js/ES/DATOS_TABLA/53001?nult={dep}&tv=96:41
{dep}_53001_INEEXTINT,{dep}_53001_INEEXTINT_96:42,https://servicios.ine.es/wstempus/js/ES/DATOS_TABLA/53001?nult={dep}&tv=96:42
{dep}_53001_INEEXTINT,{dep}_53001_INEEXTINT_96:43,https://servicios.ine.es/wstempus/js/ES/DATOS_TABLA/53001?nult={dep}&tv=96:43
{dep}_53001_INEEXTINT,{dep}_53001_INEEXTINT_96:44,https://servicios.ine.es/wstempus/js/ES/DATOS_TABLA/53001?nult={dep}&tv=96:44
{dep}_53001_INEEXTINT,{dep}_53001_INEEXTINT_96:45,https://servicios.ine.es/wstempus/js/ES/DATOS_TABLA/53001?nult={dep}&tv=96:45
{dep}_53001_INEEXTINT,{dep}_53001_INEEXTINT_96:46,https://servicios.ine.es/wstempus/js/ES/DATOS_TABLA/53001?nult={dep}&tv=96:46
{dep}_53001_INEEXTINT,{dep}_53001_INEEXTINT_96:47,https://servicios.ine.es/wstempus/js/ES/DATOS_TABLA/53001?nult={dep}&tv=96:47
{dep}_53001_INEEXTINT,{dep}_53001_INEEXTINT_96:49,https://servicios.ine.es/wstempus/js/ES/DATOS_TABLA/53001?nult={dep}&tv=96:49
{dep}_53001_INEEXTINT,{dep}_53001_INEEXTINT_96:50,https://servicios.ine.es/wstempus/js/ES/DATOS_TABLA/53001?nult={dep}&tv=96:50
{dep}_53001_INEEXTINT,{dep}_53001_INEEXTINT_96:8,https://servicios.ine.es/wstempus/js/ES/DATOS_TABLA/53001?nult={dep}&tv=96:8
{dep}_53001_INEEXTINT,{dep}_53001_INEEXTINT_96:35,https://servicios.ine.es/wstempus/js/ES/DATOS_TABLA/53001?nult={dep}&tv=96:35
{dep}_53001_INEEXTINT,{dep}_53001_INEEXTINT_96:38,https://servicios.ine.es/wstempus/js/ES/DATOS_TABLA/53001?nult={dep}&tv=96:38
{dep}_68065_CENSO,{dep}_68065_CENSO_tmp,https://servicios.ine.es/wstempus/js/ES/DATOS_TABLA/68065?nult={dep}
{dep}_69102_CENSO,{dep}_69102_CENSO_tmp,https://servicios.ine.es/wstempus/js/ES/DATOS_TABLA/69102?nult={dep}
{dep}_69274_CENSO,{dep}_69274_CENSO_tmp,https://servicios.ine.es/wstempus/js/ES/DATOS_TABLA/69274?nult={dep}
{dep}_69150_CENSO,{dep}_69150_CENSO_tmp,https://servicios.ine.es/wstempus/js/ES/DATOS_TABLA/69150?nult={dep}
